"x","y","path_order","Location","distance_between","distance"
392,594,1,"Shire",0,0
393,589.5,2,NA,4.55759961245929,4.55759961245929
394,584.5,3,NA,5.0413096800439,9.59890929250319
395,580,4,NA,4.55759961245929,14.1565089049625
396,576.5,5,NA,3.59885742335131,17.7553663283138
397,575,6,NA,1.78237213041021,19.537738458724
398,574,7,NA,1.39820773437625,20.9359461931002
399,573,8,NA,1.39820773437625,22.3341539274765
402,573,9,NA,2.96604651145477,25.3002004389313
403,573,10,NA,0.988682170484925,26.2888826094162
404,573,11,NA,0.988682170484925,27.2775647799011
405,574,12,NA,1.39820773437625,28.6757725142774
406,574,13,NA,0.988682170484925,29.6644546847623
408,575,14,NA,2.21076054134632,31.8752152261086
409,575,15,NA,0.988682170484928,32.8638973965935
410,576,16,NA,1.39820773437625,34.2621051309698
411,576,17,NA,0.988682170484928,35.2507873014547
412,577,18,NA,1.39820773437624,36.648995035831
413,577,19,NA,0.988682170484921,37.6376772063159
414,578,20,NA,1.39820773437624,39.0358849406921
415,579,21,NA,1.39820773437626,40.4340926750684
416,579,22,NA,0.988682170484921,41.4227748455533
417,580,23,NA,1.39820773437624,42.8209825799295
419,581,24,NA,2.21076054134633,45.0317431212759
420,581,25,NA,0.988682170484928,46.0204252917608
421,582,26,NA,1.39820773437624,47.418633026137
422,582,27,NA,0.988682170484928,48.407315196622
423,583,28,NA,1.39820773437625,49.8055229309982
424,583,29,NA,0.988682170484914,50.7942051014831
425,584,30,NA,1.39820773437626,52.1924128358594
426,584,31,NA,0.988682170484928,53.1810950063443
427,585,32,NA,1.39820773437624,54.5793027407206
428,586,33,NA,1.39820773437625,55.9775104750968
429,586,34,NA,0.988682170484921,56.9661926455817
430,587,35,NA,1.39820773437625,58.364400379958
431,587,36,NA,0.988682170484921,59.3530825504429
432,588,37,NA,1.39820773437625,60.7512902848191
433,588,38,NA,0.988682170484921,61.7399724553041
434,589,39,NA,1.39820773437625,63.1381801896803
435,588,40,NA,1.39820773437625,64.5363879240566
436,588,41,NA,0.988682170484921,65.5250700945415
437,587.5,42,NA,1.10538027067317,66.6304503652147
438,586.5,43,NA,1.39820773437624,68.0286580995909
439,585,44,NA,1.78237213041021,69.8110302300011
440,584,45,NA,1.39820773437624,71.2092379643774
441,584,46,NA,0.988682170484935,72.1979201348623
442,584,47,NA,0.988682170484921,73.1866023053472
443,583,48,NA,1.39820773437626,74.5848100397235
444,583,49,NA,0.988682170484921,75.5734922102084
445,583,50,NA,0.988682170484921,76.5621743806933
447,582,51,NA,2.21076054134632,78.7729349220396
448,582,52,NA,0.988682170484935,79.7616170925246
449,582,53,NA,0.988682170484921,80.7502992630095
450,581,54,NA,1.39820773437624,82.1485069973857
451,581,55,NA,0.988682170484935,83.1371891678707
452,581,56,NA,0.988682170484921,84.1258713383556
453,580,57,NA,1.39820773437623,85.5240790727318
454,580,58,NA,0.988682170484935,86.5127612432167
455,580,59,NA,0.988682170484921,87.5014434137017
456,580,60,NA,0.988682170484921,88.4901255841866
457,580,61,NA,0.988682170484935,89.4788077546715
458,580,62,NA,0.988682170484921,90.4674899251564
459,580,63,NA,0.988682170484921,91.4561720956414
460,580,64,NA,0.988682170484921,92.4448542661263
461,580,65,NA,0.988682170484921,93.4335364366112
462,580,66,NA,0.988682170484935,94.4222186070961
463,580,67,NA,0.988682170484921,95.4109007775811
464,580,68,NA,0.988682170484921,96.399582948066
465,580,69,NA,0.988682170484921,97.3882651185509
466,580,70,NA,0.988682170484921,98.3769472890358
467,580,71,NA,0.988682170484935,99.3656294595208
468,580,72,NA,0.988682170484921,100.354311630006
469,580,73,NA,0.988682170484921,101.342993800491
470,580,74,NA,0.988682170484921,102.331675970976
471,580,75,NA,0.988682170484921,103.32035814146
473,581,76,NA,2.21076054134633,105.531118682807
474,581,77,NA,0.988682170484935,106.519800853292
476,580,78,NA,2.21076054134632,108.730561394638
477,580,79,NA,0.988682170484921,109.719243565123
478,580,80,NA,0.988682170484935,110.707925735608
479,580,81,NA,0.988682170484921,111.696607906093
480,580,82,NA,0.988682170484907,112.685290076578
482,579,83,NA,2.21076054134635,114.896050617924
483,579.5,84,NA,1.10538027067315,116.001430888597
484,583,85,NA,3.5988574233513,119.600288311949
485,587.5,86,NA,4.55759961245931,124.157887924408
486,589,87,NA,1.7823721304102,125.940260054818
487,590,88,NA,1.39820773437624,127.338467789194
488,590,89,NA,0.988682170484921,128.327149959679
489,590,90,NA,0.988682170484935,129.315832130164
490,590.5,91,NA,1.10538027067318,130.421212400837
491,591.5,92,NA,1.39820773437623,131.819420135214
492,593,93,NA,1.78237213041021,133.601792265624
493,594,94,"Bree",1.39820773437626,135
494,595,95,NA,1.74975684602934,136.749756846029
495,596,96,NA,1.74975684602934,138.499513692059
496,597.5,97,NA,2.23051107548654,140.730024767545
497,599,98,NA,2.23051107548654,142.960535843032
498,599,99,NA,1.23726493125493,144.197800774287
499,600,100,NA,1.74975684602934,145.947557620316
500,601,101,NA,1.74975684602934,147.697314466345
501,601,102,NA,1.23726493125493,148.9345793976
503,602,103,NA,2.76660849246263,151.701187890063
504,602,104,NA,1.23726493125493,152.938452821318
505,602,105,NA,1.23726493125493,154.175717752573
506,602,106,NA,1.23726493125493,155.412982683828
508,603,107,NA,2.76660849246264,158.17959117629
509,603,108,NA,1.23726493125493,159.416856107545
510,603,109,NA,1.23726493125493,160.6541210388
511,604,110,NA,1.74975684602934,162.40387788483
512,604,111,NA,1.23726493125493,163.641142816085
513,604,112,NA,1.23726493125493,164.878407747339
514,604,113,NA,1.23726493125493,166.115672678594
515,604,114,NA,1.23726493125493,167.352937609849
516,604,115,NA,1.23726493125493,168.590202541104
517,604,116,NA,1.23726493125493,169.827467472359
518,604,117,NA,1.23726493125493,171.064732403614
520,603,118,NA,2.76660849246264,173.831340896077
521,603,119,NA,1.23726493125494,175.068605827332
522,603,120,NA,1.23726493125493,176.305870758587
524,602,121,NA,2.76660849246264,179.072479251049
525,602,122,NA,1.23726493125493,180.309744182304
526,602,123,NA,1.23726493125493,181.547009113559
527,601,124,NA,1.74975684602934,183.296765959588
528,601,125,NA,1.23726493125493,184.534030890843
529,601,126,NA,1.23726493125493,185.771295822098
530,600,127,NA,1.74975684602934,187.521052668128
531,600,128,NA,1.23726493125493,188.758317599383
532,599,129,NA,1.74975684602934,190.508074445412
533,599,130,NA,1.23726493125493,191.745339376667
535,598,131,NA,2.76660849246264,194.51194786913
536,598,132,NA,1.23726493125493,195.749212800384
537,597,133,NA,1.74975684602934,197.498969646414
538,597,134,NA,1.23726493125493,198.736234577669
539,597,135,NA,1.23726493125493,199.973499508924
540,598,136,NA,1.74975684602936,201.723256354953
541,598,137,NA,1.23726493125493,202.960521286208
542,598,138,NA,1.23726493125493,204.197786217463
544,599,139,NA,2.76660849246264,206.964394709926
545,599,140,NA,1.23726493125493,208.20165964118
546,599,141,NA,1.23726493125494,209.438924572435
547,600,142,NA,1.74975684602936,211.188681418465
548,600,143,NA,1.23726493125493,212.42594634972
549,600,144,NA,1.23726493125493,213.663211280975
550,600,145,NA,1.23726493125493,214.90047621223
553,600,146,NA,3.7117947937648,218.612271005994
554,600,147,NA,1.23726493125494,219.849535937249
555,600,148,NA,1.23726493125493,221.086800868504
556,600,149,NA,1.23726493125494,222.324065799759
557,600,150,NA,1.23726493125493,223.561330731014
558,599,151,NA,1.74975684602936,225.311087577043
559,599,152,NA,1.23726493125494,226.548352508298
560,599,153,NA,1.23726493125491,227.785617439553
562,598,154,NA,2.76660849246264,230.552225932016
563,597,155,NA,1.74975684602934,232.301982778045
564,596,156,NA,1.74975684602934,234.051739624075
565,595,157,NA,1.74975684602933,235.801496470104
566,594,158,NA,1.74975684602936,237.551253316133
567,593,159,NA,1.74975684602934,239.301010162163
568,592.5,160,NA,1.3833042462313,240.684314408394
569,592,161,NA,1.38330424623133,242.067618654625
570,591,162,NA,1.74975684602934,243.817375500655
572,590,163,NA,2.76660849246262,246.583983993117
573,590,164,NA,1.23726493125494,247.821248924372
574,589,165,NA,1.74975684602934,249.571005770401
575,589,166,NA,1.23726493125494,250.808270701656
576,589,167,NA,1.23726493125493,252.045535632911
578,588,168,NA,2.76660849246264,254.812144125374
579,588,169,NA,1.23726493125493,256.049409056629
580,588,170,NA,1.23726493125494,257.286673987884
581,588,171,NA,1.23726493125493,258.523938919139
582,588,172,NA,1.23726493125494,259.761203850394
583,588,173,NA,1.23726493125493,260.998468781649
584,588,174,NA,1.23726493125494,262.235733712904
585,588,175,NA,1.23726493125493,263.472998644159
587,589,176,NA,2.76660849246264,266.239607136621
588,589,177,NA,1.23726493125494,267.476872067876
589,589,178,NA,1.23726493125491,268.714136999131
590,589,179,NA,1.23726493125494,269.951401930386
592,590,180,NA,2.76660849246261,272.718010422849
593,590,181,NA,1.23726493125494,273.955275354103
594,590,182,NA,1.23726493125494,275.192540285358
596,591,183,NA,2.76660849246267,277.959148777821
597,591,184,NA,1.23726493125491,279.196413709076
598,591,185,NA,1.23726493125494,280.433678640331
600,592,186,NA,2.76660849246264,283.200287132794
601,592,187,NA,1.23726493125491,284.437552064049
602,592,188,NA,1.23726493125494,285.674816995303
604,593,189,NA,2.76660849246264,288.441425487766
605,593,190,NA,1.23726493125494,289.678690419021
606,593,191,NA,1.23726493125491,290.915955350276
607,593,192,NA,1.23726493125494,292.153220281531
608,593,193,NA,1.23726493125494,293.390485212786
610,594,194,NA,2.76660849246261,296.157093705248
611,594,195,NA,1.23726493125494,297.394358636503
612,594,196,NA,1.23726493125494,298.631623567758
613,594,197,NA,1.23726493125494,299.868888499013
614,594,198,NA,1.23726493125491,301.106153430268
616,595,199,NA,2.76660849246264,303.872761922731
617,595,200,NA,1.23726493125497,305.110026853986
618,595,201,NA,1.23726493125491,306.347291785241
619,595,202,NA,1.23726493125494,307.584556716496
621,596,203,NA,2.76660849246258,310.351165208958
622,596,204,NA,1.23726493125497,311.588430140213
623,596,205,NA,1.23726493125491,312.825695071468
624,596,206,NA,1.23726493125494,314.062960002723
625,596,207,NA,1.23726493125494,315.300224933978
627,597,208,NA,2.76660849246264,318.066833426441
628,597,209,NA,1.23726493125494,319.304098357696
629,597,210,NA,1.23726493125491,320.54136328895
631,598,211,NA,2.76660849246267,323.307971781413
632,598,212,NA,1.23726493125494,324.545236712668
633,598,213,NA,1.23726493125491,325.782501643923
634,599,214,NA,1.74975684602936,327.532258489952
635,599,215,NA,1.23726493125491,328.769523421207
636,599,216,NA,1.23726493125491,330.006788352462
637,600,217,NA,1.74975684602938,331.756545198492
638,600,218,NA,1.23726493125491,332.993810129747
639,600,219,NA,1.23726493125494,334.231075061001
641,601,220,NA,2.76660849246267,336.997683553464
642,601,221,NA,1.23726493125491,338.234948484719
643,601,222,NA,1.23726493125494,339.472213415974
644,602,223,NA,1.74975684602933,341.221970262003
645,602,224,NA,1.23726493125491,342.459235193258
646,602,225,NA,1.23726493125494,343.696500124513
647,602,226,NA,1.23726493125494,344.933765055768
648,603,227,NA,1.74975684602936,346.683521901797
649,603,228,NA,1.23726493125491,347.920786833052
650,603,229,NA,1.23726493125497,349.158051764307
651,603,230,NA,1.23726493125491,350.395316695562
652,603,231,NA,1.23726493125494,351.632581626817
653,603,232,NA,1.23726493125491,352.869846558072
654,604,233,NA,1.74975684602933,354.619603404101
655,605,234,NA,1.74975684602936,356.369360250131
656,605,235,NA,1.23726493125494,357.606625181386
657,606,236,NA,1.74975684602936,359.356382027415
658,607,237,NA,1.74975684602933,361.106138873444
659,608,238,NA,1.74975684602933,362.855895719474
660,608,239,NA,1.23726493125497,364.093160650729
661,609,240,NA,1.7497568460293,365.842917496758
662,609,241,NA,1.23726493125491,367.080182428013
664,610,242,NA,2.76660849246269,369.846790920476
665,610,243,NA,1.23726493125491,371.084055851731
666,610,244,NA,1.23726493125491,372.321320782985
667,610,245,NA,1.23726493125494,373.55858571424
668,610,246,NA,1.23726493125494,374.795850645495
669,610,247,NA,1.23726493125494,376.03311557675
671,611,248,NA,2.76660849246264,378.799724069213
672,611,249,NA,1.23726493125494,380.036989000468
673,611,250,NA,1.23726493125494,381.274253931723
674,611,251,NA,1.23726493125491,382.511518862978
675,611,252,NA,1.23726493125491,383.748783794233
676,611,253,NA,1.23726493125497,384.986048725488
677,611,254,NA,1.23726493125491,386.223313656742
680,612,255,NA,3.91257525181726,390.13588890856
681,612,256,NA,1.23726493125494,391.373153839815
683,611,257,NA,2.76660849246264,394.139762332277
684,611,258,NA,1.23726493125491,395.377027263532
685,611,259,NA,1.23726493125497,396.614292194787
686,611,260,NA,1.23726493125491,397.851557126042
688,610,261,NA,2.76660849246258,400.618165618505
689,610,262,NA,1.23726493125497,401.85543054976
690,610,263,NA,1.23726493125491,403.092695481015
691,610,264,NA,1.23726493125491,404.329960412269
692,610,265,NA,1.23726493125497,405.567225343524
693,610,266,NA,1.23726493125491,406.804490274779
694,610,267,NA,1.23726493125497,408.041755206034
697,609,268,NA,3.9125752518172,411.954330457852
698,609,269,NA,1.23726493125497,413.191595389107
699,609,270,NA,1.23726493125491,414.428860320361
700,609,271,NA,1.23726493125491,415.666125251616
701,608,272,NA,1.74975684602936,417.415882097646
702,608,273,NA,1.23726493125491,418.653147028901
703,608,274,NA,1.23726493125497,419.890411960156
704,608,275,NA,1.23726493125491,421.12767689141
705,608,276,NA,1.23726493125497,422.364941822665
706,607,277,NA,1.7497568460293,424.114698668695
707,607,278,NA,1.23726493125497,425.35196359995
709,606,279,NA,2.76660849246258,428.118572092412
710,606,280,NA,1.23726493125497,429.355837023667
712,605,281,NA,2.76660849246264,432.12244551613
713,605,282,NA,1.23726493125497,433.359710447385
714,604,283,NA,1.7497568460293,435.109467293414
715,603.5,284,NA,1.38330424623132,436.492771539646
716,602.5,285,NA,1.74975684602936,438.242528385675
717,601,286,NA,2.23051107548656,440.473039461161
718,600,287,NA,1.7497568460293,442.222796307191
726,600.5,288,NA,9.91743287220936,452.1402291794
727,602.5,289,NA,2.76660849246258,454.906837671863
727,605,290,"Rivendell",3.09316232813734,458
727,604,291,NA,1.27827966345653,459.278279663457
727,603,292,NA,1.27827966345653,460.556559326913
727,602,293,NA,1.27827966345653,461.83483899037
726.5,601,294,NA,1.42916011087218,463.263999101242
726.5,600,295,NA,1.27827966345653,464.542278764698
726.5,599,296,NA,1.27827966345653,465.820558428155
726,598,297,NA,1.42916011087218,467.249718539027
725.5,597,298,NA,1.42916011087217,468.678878649899
722.5,596,299,NA,4.04227522319613,472.721153873095
725,595,300,NA,3.44187332866091,476.163027201756
725,594,301,NA,1.27827966345653,477.441306865213
724,593,302,NA,1.80776043656594,479.249067301779
724,592,303,NA,1.27827966345653,480.527346965235
724,591,304,NA,1.27827966345653,481.805626628692
724,590,305,NA,1.27827966345653,483.083906292148
723,588,306,NA,2.85832022174435,485.942226513893
723,587,307,NA,1.27827966345652,487.220506177349
723,586,308,NA,1.27827966345653,488.498785840806
723,585,309,NA,1.27827966345652,489.777065504262
723,584,310,NA,1.27827966345653,491.055345167719
723,583,311,NA,1.27827966345652,492.333624831175
723,582,312,NA,1.27827966345652,493.611904494632
723,581,313,NA,1.27827966345654,494.890184158088
723,580,314,NA,1.27827966345652,496.168463821545
723,579,315,NA,1.27827966345653,497.446743485001
723,578,316,NA,1.27827966345652,498.725023148458
723,577,317,NA,1.27827966345654,500.003302811914
723,576,318,NA,1.27827966345652,501.281582475371
724,572,319,NA,5.27048207151026,506.552064546881
724,571,320,NA,1.27827966345652,507.830344210338
724,570,321,NA,1.27827966345654,509.108623873794
724,569,322,NA,1.27827966345652,510.386903537251
724,568,323,NA,1.27827966345653,511.665183200707
724,567,324,NA,1.27827966345653,512.943462864164
724,566,325,NA,1.27827966345653,514.22174252762
724,565,326,NA,1.27827966345652,515.500022191077
724,564,327,NA,1.27827966345653,516.778301854533
724,563,328,NA,1.27827966345652,518.05658151799
724,562,329,NA,1.27827966345653,519.334861181447
723,561,330,NA,1.80776043656593,521.142621618012
723,560,331,NA,1.27827966345653,522.420901281469
723,559,332,NA,1.27827966345653,523.699180944926
722,558,333,NA,1.80776043656594,525.506941381491
722,557,334,NA,1.27827966345653,526.785221044948
721,555,335,NA,2.85832022174435,529.643541266692
720,554,336,NA,1.80776043656594,531.451301703258
720,553,337,NA,1.27827966345652,532.729581366715
720,553,338,NA,0,532.729581366715
719,552,339,NA,1.80776043656594,534.537341803281
719,551,340,NA,1.27827966345653,535.815621466737
718,550,341,NA,1.80776043656593,537.623381903303
717,549,342,NA,1.80776043656594,539.431142339869
717,548,343,NA,1.27827966345652,540.709422003326
716,547,344,NA,1.80776043656596,542.517182439892
715,546,345,NA,1.80776043656593,544.324942876457
715,545,346,NA,1.27827966345654,545.603222539914
714,544,347,NA,1.80776043656593,547.41098297648
713,543,348,NA,1.80776043656593,549.218743413046
713,542,349,NA,1.27827966345653,550.497023076502
712,541,350,NA,1.80776043656593,552.304783513068
711,540,351,NA,1.80776043656596,554.112543949634
711,539,352,NA,1.27827966345653,555.390823613091
710,538,353,NA,1.80776043656593,557.198584049657
709,537,354,NA,1.80776043656593,559.006344486223
709,536,355,NA,1.27827966345653,560.284624149679
708,535,356,NA,1.80776043656593,562.092384586245
707,534,357,NA,1.80776043656594,563.900145022811
706,533,358,NA,1.80776043656596,565.707905459377
705,532,359,NA,1.80776043656593,567.515665895943
705,531,360,NA,1.27827966345653,568.7939455594
704,530,361,NA,1.80776043656593,570.601705995965
703,529,362,NA,1.80776043656593,572.409466432531
702,528,363,NA,1.80776043656594,574.217226869097
701,526,364,NA,2.85832022174438,577.075547090842
700,525,365,NA,1.80776043656593,578.883307527408
700,525,366,NA,0,578.883307527408
699,524,367,NA,1.80776043656593,580.691067963974
698,523,368,NA,1.80776043656593,582.498828400539
698,522,369,NA,1.27827966345653,583.777108063996
697,520,370,NA,2.85832022174436,586.63542828574
697,519,371,NA,1.27827966345652,587.913707949197
697,518,372,NA,1.27827966345654,589.191987612653
697,517,373,NA,1.27827966345652,590.47026727611
697,516,374,NA,1.27827966345654,591.748546939566
697,515,375,NA,1.27827966345652,593.026826603023
697,514,376,NA,1.27827966345654,594.30510626648
697,513,377,NA,1.27827966345652,595.583385929936
697,513.5,378,NA,0.639139831728272,596.222525761664
698,512,379,NA,2.30445143548766,598.526977197152
699,512,380,NA,1.27827966345652,599.805256860609
700,512,381,NA,1.27827966345652,601.083536524065
700,511.5,382,NA,0.639139831728301,601.722676355793
701,511.5,383,NA,1.27827966345652,603.00095601925
702,511.5,384,NA,1.27827966345652,604.279235682706
703,511.5,385,NA,1.27827966345652,605.557515346163
704,511.5,386,NA,1.27827966345654,606.835795009619
705,512,387,NA,1.42916011087217,608.264955120492
706,512.5,388,NA,1.4291601108722,609.694115231364
707,513,389,NA,1.42916011087217,611.123275342236
708,513,390,NA,1.27827966345649,612.401555005692
709,513,391,NA,1.27827966345654,613.679834669149
710,514,392,NA,1.80776043656593,615.487595105715
711,514,393,NA,1.27827966345652,616.765874769171
712,514.5,394,NA,1.4291601108722,618.195034880044
713,515,395,NA,1.42916011087217,619.624194990916
714,515,396,NA,1.27827966345654,620.902474654372
715,516,397,NA,1.8077604365659,622.710235090938
716,516,398,NA,1.27827966345652,623.988514754395
717,517,399,NA,1.80776043656596,625.796275190961
718,517,400,NA,1.27827966345654,627.074554854417
719,518,401,NA,1.80776043656596,628.882315290983
720,518.5,402,NA,1.42916011087215,630.311475401855
722,520,403,NA,3.19569915864133,633.507174560497
723,520,404,NA,1.27827966345652,634.785454223953
724,520.5,405,NA,1.42916011087217,636.214614334825
725,520.5,406,NA,1.27827966345652,637.492893998282
726,521.5,407,NA,1.80776043656596,639.300654434848
727,521.5,408,NA,1.27827966345654,640.578934098304
728,522.5,409,NA,1.8077604365659,642.38669453487
729,523.5,410,NA,1.80776043656596,644.194454971436
730,524,411,NA,1.42916011087217,645.623615082308
731,525,412,NA,1.80776043656596,647.431375518874
731,525,413,NA,0,647.431375518874
730,524,414,NA,1.80776043656593,649.23913595544
729,523.5,415,NA,1.42916011087217,650.668296066313
728,522.5,416,NA,1.80776043656593,652.476056502878
727,521.5,417,NA,1.80776043656593,654.283816939444
726,521.5,418,NA,1.27827966345652,655.562096602901
725,520.5,419,NA,1.80776043656596,657.369857039467
724,520.5,420,NA,1.27827966345654,658.648136702923
723,520,421,NA,1.42916011087217,660.077296813796
722,520,422,NA,1.27827966345652,661.355576477252
720,518.5,423,NA,3.19569915864133,664.551275635893
719,518,424,NA,1.42916011087215,665.980435746766
718,517,425,NA,1.80776043656596,667.788196183332
717,517,426,NA,1.27827966345652,669.066475846788
716,516,427,NA,1.80776043656596,670.874236283354
715,516,428,NA,1.27827966345654,672.152515946811
714,515,429,NA,1.8077604365659,673.960276383376
713,515,430,NA,1.27827966345652,675.238556046833
712,514.5,431,NA,1.42916011087217,676.667716157705
711,514,432,NA,1.4291601108722,678.096876268577
710,514,433,NA,1.27827966345654,679.375155932034
709,513,434,NA,1.8077604365659,681.1829163686
708,513,435,NA,1.27827966345652,682.461196032056
707,513,436,NA,1.27827966345654,683.739475695513
706,512.5,437,NA,1.4291601108722,685.168635806385
705,512,438,NA,1.42916011087215,686.597795917257
704,511.5,439,NA,1.42916011087215,688.026956028129
703,511.5,440,NA,1.27827966345657,689.305235691586
702,511.5,441,NA,1.27827966345652,690.583515355042
701,511.5,442,NA,1.27827966345649,691.861795018499
700,511.5,443,NA,1.27827966345657,693.140074681956
700,510.5,444,NA,1.27827966345649,694.418354345412
699,510,445,NA,1.42916011087223,695.847514456284
697,509,446,NA,2.85832022174429,698.705834678029
696,508,447,NA,1.80776043656596,700.513595114594
695,506.5,448,NA,2.30445143548772,702.818046550082
694,504.5,449,NA,2.85832022174429,705.676366771826
693,502.5,450,NA,2.85832022174441,708.534686993571
692,501,451,NA,2.30445143548769,710.839138429059
691,499,452,NA,2.85832022174432,713.697458650803
690,497,453,NA,2.85832022174435,716.555778872547
689,493.5,454,NA,4.653008209598,721.208787082145
688,490,455,NA,4.653008209598,725.861795291743
688,490,456,NA,0,725.861795291743
688,489,457,NA,1.27827966345654,727.1400749552
688,488,458,NA,1.27827966345654,728.418354618656
688,487,459,NA,1.27827966345649,729.696634282113
688,486,460,NA,1.27827966345654,730.974913945569
688,485,461,NA,1.27827966345654,732.253193609026
688,484,462,NA,1.27827966345654,733.531473272482
688,483,463,NA,1.27827966345649,734.809752935939
688,482,464,NA,1.27827966345654,736.088032599396
688,481,465,NA,1.27827966345654,737.366312262852
688,480,466,NA,1.27827966345649,738.644591926309
688,479,467,NA,1.27827966345654,739.922871589765
688,478,468,NA,1.27827966345654,741.201151253222
688,477,469,NA,1.27827966345654,742.479430916678
688,476,470,NA,1.27827966345649,743.757710580135
688,475,471,NA,1.27827966345654,745.035990243591
688,474,472,NA,1.27827966345654,746.314269907048
688,473,473,NA,1.27827966345649,747.592549570504
688,472,474,NA,1.27827966345654,748.870829233961
689,470,475,NA,2.85832022174435,751.729149455705
689,469,476,NA,1.2782796634566,753.007429119162
689,468,477,NA,1.27827966345649,754.285708782618
689,467,478,NA,1.27827966345649,755.563988446075
689,466,479,NA,1.27827966345654,756.842268109531
690,465,480,NA,1.80776043656596,758.650028546097
690,464.5,481,NA,0.639139831728244,759.289168377825
691,464,482,NA,1.4291601108722,760.718328488698
692,465,483,NA,1.80776043656596,762.526088925264
694,466,484,NA,2.85832022174429,765.384409147008
696,467,485,NA,2.85832022174435,768.242729368752
698,468,486,NA,2.85832022174435,771.101049590497
700,469,487,NA,2.85832022174435,773.959369812241
702,470,488,NA,2.85832022174441,776.817690033985
705,471,489,NA,4.0422752231961,780.859965257181
706,471,490,NA,1.27827966345654,782.138244920638
707,471,491,NA,1.27827966345649,783.416524584095
708,471,492,NA,1.27827966345654,784.694804247551
709,471,493,NA,1.27827966345649,785.973083911008
710,470,494,NA,1.80776043656596,787.780844347574
711,470,495,NA,1.27827966345654,789.05912401103
713,469,496,NA,2.85832022174441,791.917444232774
714,469,497,NA,1.27827966345649,793.195723896231
715,469,498,NA,1.27827966345654,794.474003559687
716,469,499,NA,1.27827966345654,795.752283223144
717,469,500,NA,1.27827966345649,797.0305628866
718,469,501,NA,1.2782796634566,798.308842550057
719,469,502,NA,1.27827966345649,799.587122213514
720,469,503,NA,1.27827966345654,800.86540187697
721,469,504,NA,1.27827966345649,802.143681540427
722,467,505,NA,2.85832022174435,805.002001762171
723,465.5,506,NA,2.30445143548769,807.306453197659
724,465,507,NA,1.4291601108722,808.735613308531
727,466,508,NA,4.0422752231961,812.777888531727
728,466,509,NA,1.27827966345649,814.056168195183
729,466,510,NA,1.27827966345654,815.33444785864
730,466,511,NA,1.27827966345649,816.612727522097
731,466,512,NA,1.2782796634566,817.891007185553
732,466,513,NA,1.27827966345649,819.169286849009
733,466,514,NA,1.27827966345654,820.447566512466
734,466,515,NA,1.27827966345654,821.725846175923
735,465,516,NA,1.80776043656596,823.533606612489
736,465,517,NA,1.27827966345649,824.811886275945
737,465,518,NA,1.27827966345654,826.090165939402
738,464,519,NA,1.80776043656596,827.897926375968
739,463.5,520,NA,1.42916011087215,829.32708648684
740,463,521,NA,1.42916011087215,830.756246597712
741,461.5,522,NA,2.30445143548775,833.0606980332
742,460,523,NA,2.30445143548769,835.365149468687
743,458.5,524,NA,2.30445143548764,837.669600904175
744,457.5,525,NA,1.80776043656596,839.477361340741
745,455.5,526,NA,2.85832022174429,842.335681562485
746,453,527,NA,3.44187332866096,845.777554891146
747,452,528,NA,1.80776043656596,847.585315327712
748,452,529,NA,1.27827966345649,848.863594991169
749,451,530,NA,1.80776043656596,850.671355427735
750,450,531,NA,1.8077604365659,852.4791158643
751,449.5,532,NA,1.4291601108722,853.908275975173
752,449,533,NA,1.4291601108722,855.337436086045
753,448,534,NA,1.80776043656584,857.145196522611
754,447,535,NA,1.80776043656596,858.952956959177
755,446,536,NA,1.80776043656596,860.760717395743
756,445,537,NA,1.80776043656596,862.568477832309
757,443.5,538,NA,2.30445143548769,864.872929267796
758,440.5,539,NA,4.0422752231961,868.915204490992
759,438,540,NA,3.4418733286609,872.357077819653
760,437,541,NA,1.80776043656596,874.164838256219
761,436,542,NA,1.80776043656596,875.972598692785
762,435,543,NA,1.80776043656596,877.780359129351
763,434,544,NA,1.80776043656596,879.588119565917
764,433,545,NA,1.8077604365659,881.395880002483
765,432,546,NA,1.8077604365659,883.203640439049
766,431,547,NA,1.80776043656596,885.011400875615
767,431,548,NA,1.27827966345654,886.289680539071
768,430,549,NA,1.80776043656596,888.097440975637
769,430,550,NA,1.27827966345654,889.375720639094
770,429,551,NA,1.80776043656596,891.18348107566
771,428,552,NA,1.80776043656584,892.991241512226
772,428,553,NA,1.27827966345654,894.269521175682
773,428,554,NA,1.27827966345654,895.547800839139
775,427,555,NA,2.85832022174435,898.406121060883
776,427,556,NA,1.2782796634566,899.68440072434
777,427,557,NA,1.27827966345649,900.962680387796
778,426,558,NA,1.8077604365659,902.770440824362
779,426,559,NA,1.27827966345649,904.048720487819
780,426,560,NA,1.27827966345654,905.327000151275
781,425,561,NA,1.80776043656596,907.134760587841
782,425,562,NA,1.27827966345654,908.413040251298
783,425,563,NA,1.27827966345649,909.691319914754
784,424,564,NA,1.80776043656596,911.49908035132
785,424,565,NA,1.27827966345654,912.777360014777
786,424,566,NA,1.27827966345654,914.055639678233
787,423,567,NA,1.80776043656596,915.863400114799
788,423,568,NA,1.27827966345649,917.141679778256
790,422,569,"Lothlorien",2.85832022174435,920
791,422,570,NA,1.2095016634229,921.209501663423
792,421,571,NA,1.71049365612549,922.919995319548
793,421,572,NA,1.2095016634229,924.129496982971
794,420,573,NA,1.71049365612549,925.839990639097
795,420,574,NA,1.2095016634229,927.04949230252
796,420,575,NA,1.2095016634229,928.258993965943
798,419,576,NA,2.70452793831268,930.963521904255
799,419,577,NA,1.2095016634229,932.173023567678
800,419,578,NA,1.2095016634229,933.382525231101
801,418,579,NA,1.71049365612549,935.093018887227
802,417.5,580,NA,1.35226396915634,936.445282856383
803,417,581,NA,1.35226396915634,937.797546825539
804,416,582,NA,1.71049365612549,939.508040481665
805,415,583,NA,1.71049365612549,941.21853413779
806,414,584,NA,1.71049365612549,942.929027793916
807,413.5,585,NA,1.35226396915634,944.281291763072
808,413,586,NA,1.35226396915634,945.633555732228
809,412,587,NA,1.71049365612549,947.344049388354
810,411,588,NA,1.71049365612549,949.054543044479
811,409.5,589,NA,2.18046013261513,951.235003177094
812,407,590,NA,3.25668289601782,954.491686073112
813,403,591,NA,4.98690311265288,959.478589185765
814,399.5,592,NA,4.40265251049316,963.881241696258
815,396,593,NA,4.40265251049316,968.283894206751
816,393,594,NA,3.82478009017873,972.10867429693
817,390.5,595,NA,3.25668289601783,975.365357192948
818,387.5,596,NA,3.82478009017874,979.190137283127
819,386.5,597,NA,1.71049365612549,980.900630939252
820,384.5,598,NA,2.70452793831268,983.605158877565
821,383,599,NA,2.18046013261515,985.78561901018
822,383,600,NA,1.2095016634229,986.995120673603
823,382,601,NA,1.71049365612548,988.705614329729
824,381,602,NA,1.71049365612549,990.416107985854
825,381,603,NA,1.2095016634229,991.625609649277
826,380,604,NA,1.71049365612548,993.336103305402
827,379,605,NA,1.71049365612549,995.046596961528
828,378.5,606,NA,1.35226396915634,996.398860930684
829,378,607,NA,1.35226396915634,997.751124899841
830,377,608,NA,1.71049365612548,999.461618555966
831,376,609,NA,1.71049365612548,1001.17211221209
832,375,610,NA,1.71049365612549,1002.88260586822
833,375,611,NA,1.2095016634229,1004.09210753164
834,374,612,NA,1.71049365612551,1005.80260118777
835,373,613,NA,1.71049365612548,1007.51309484389
836,372,614,NA,1.71049365612548,1009.22358850002
837,371.5,615,NA,1.35226396915635,1010.57585246917
838,371,616,NA,1.35226396915633,1011.92811643833
839,370,617,NA,1.71049365612551,1013.63861009445
840,369,618,NA,1.71049365612548,1015.34910375058
841,368,619,NA,1.71049365612548,1017.05959740671
842,366.5,620,NA,2.18046013261512,1019.24005753932
843,365.5,621,NA,1.71049365612549,1020.95055119545
844,364,622,NA,2.18046013261514,1023.13101132806
845,364,623,NA,1.2095016634229,1024.34051299148
847,363,624,NA,2.70452793831267,1027.0450409298
848,363,625,NA,1.20950166342293,1028.25454259322
850,362,626,NA,2.70452793831267,1030.95907053153
851,362,627,NA,1.2095016634229,1032.16857219496
852,361,628,NA,1.71049365612549,1033.87906585108
853,361,629,NA,1.2095016634229,1035.0885675145
855,360,630,NA,2.70452793831269,1037.79309545282
856,360,631,NA,1.2095016634229,1039.00259711624
857,359,632,NA,1.71049365612549,1040.71309077236
858,359,633,NA,1.2095016634229,1041.92259243579
859,359,634,NA,1.2095016634229,1043.13209409921
860,359,635,NA,1.2095016634229,1044.34159576263
862,358,636,NA,2.70452793831268,1047.04612370095
863,358,637,NA,1.2095016634229,1048.25562536437
864,358,638,NA,1.20950166342291,1049.46512702779
865,357,639,NA,1.71049365612549,1051.17562068392
866,356,640,NA,1.71049365612549,1052.88611434004
867,355,641,NA,1.71049365612546,1054.59660799617
868,353.5,642,NA,2.18046013261514,1056.77706812878
869,352,643,NA,2.18046013261514,1058.9575282614
869,352,644,NA,0,1058.9575282614
869,351,645,NA,1.20950166342288,1060.16702992482
869,350,646,NA,1.20950166342291,1061.37653158824
869,349,647,NA,1.20950166342288,1062.58603325167
869,348,648,NA,1.20950166342291,1063.79553491509
868,347,649,NA,1.71049365612552,1065.50602857122
868,346,650,NA,1.20950166342288,1066.71553023464
867,345,651,NA,1.71049365612546,1068.42602389076
867,344,652,NA,1.20950166342291,1069.63552555419
866,343,653,NA,1.71049365612549,1071.34601921031
865,342,654,NA,1.71049365612549,1073.05651286644
864,341,655,NA,1.71049365612546,1074.76700652256
863,340,656,NA,1.71049365612552,1076.47750017869
863,339,657,NA,1.20950166342288,1077.68700184211
863,338,658,NA,1.20950166342291,1078.89650350553
863,337,659,NA,1.20950166342288,1080.10600516896
863,336,660,NA,1.20950166342291,1081.31550683238
863,335,661,NA,1.20950166342291,1082.5250084958
864,334,662,NA,1.71049365612544,1084.23550215193
864,333,663,NA,1.20950166342294,1085.44500381535
865,332,664,NA,1.71049365612549,1087.15549747148
865,331,665,NA,1.20950166342288,1088.3649991349
866,330,666,NA,1.71049365612552,1090.07549279103
865,331.5,667,NA,2.18046013261508,1092.25595292364
866,329.5,668,NA,2.70452793831271,1094.96048086195
867,328,669,NA,2.18046013261514,1097.14094099457
868,327,670,NA,1.71049365612546,1098.85143465069
869,327,671,NA,1.20950166342291,1100.06093631412
870,326,672,NA,1.71049365612546,1101.77142997024
871,326,673,NA,1.20950166342291,1102.98093163367
872,326,674,NA,1.20950166342288,1104.19043329709
873,326,675,NA,1.20950166342291,1105.39993496051
874,326,676,NA,1.20950166342291,1106.60943662393
876,327,677,NA,2.70452793831268,1109.31396456225
877,327,678,NA,1.20950166342291,1110.52346622567
878,327,679,NA,1.20950166342288,1111.73296788909
879,327,680,NA,1.20950166342291,1112.94246955252
881,328,681,NA,2.70452793831268,1115.64699749083
882,328,682,NA,1.20950166342288,1116.85649915425
883,328,683,NA,1.20950166342291,1118.06600081767
884,329,684,NA,1.71049365612546,1119.7764944738
885,329,685,NA,1.20950166342294,1120.98599613722
886,329,686,NA,1.20950166342291,1122.19549780065
887,329,687,NA,1.20950166342288,1123.40499946407
888,329,688,NA,1.20950166342291,1124.61450112749
889,329,689,NA,1.20950166342288,1125.82400279091
890,329,690,NA,1.20950166342291,1127.03350445434
891,328,691,NA,1.71049365612552,1128.74399811046
892,327,692,NA,1.71049365612541,1130.45449176659
893,326,693,NA,1.71049365612552,1132.16498542271
894,324,694,NA,2.70452793831268,1134.86951336103
890,312,695,NA,15.299120360715,1150.16863372174
889,311,696,NA,1.71049365612546,1151.87912737787
889,310,697,NA,1.20950166342286,1153.08862904129
888,309,698,NA,1.71049365612552,1154.79912269741
887,308,699,NA,1.71049365612546,1156.50961635354
886,307,700,NA,1.71049365612552,1158.22011000967
885,306,701,NA,1.71049365612546,1159.93060366579
885,305,702,NA,1.20950166342294,1161.14010532921
885,304,703,NA,1.20950166342286,1162.34960699264
885,303,704,NA,1.20950166342294,1163.55910865606
885,302,705,NA,1.20950166342291,1164.76861031948
885,301,706,NA,1.20950166342288,1165.97811198291
885,300,707,NA,1.20950166342291,1167.18761364633
885,300,708,NA,0,1167.18761364633
885.5,299,709,NA,1.35226396915633,1168.53987761549
887,298,710,NA,2.18046013261514,1170.7203377481
890,297,711,NA,3.82478009017873,1174.54511783828
892.5,296,712,NA,3.25668289601782,1177.8018007343
894.5,295,713,NA,2.70452793831271,1180.50632867261
896.5,294,714,NA,2.70452793831265,1183.21085661092
898,293,715,NA,2.18046013261511,1185.39131674354
899,292,716,NA,1.71049365612549,1187.10181039966
900.5,291,717,NA,2.18046013261517,1189.28227053228
902,290,718,NA,2.18046013261511,1191.46273066489
902,289,719,NA,1.20950166342294,1192.67223232832
902,288,720,NA,1.20950166342288,1193.88173399174
903,287,721,NA,1.71049365612544,1195.59222764786
903,286,722,NA,1.20950166342294,1196.80172931129
903,285,723,NA,1.20950166342288,1198.01123097471
903,284,724,NA,1.20950166342288,1199.22073263813
903,283,725,NA,1.20950166342288,1200.43023430156
903,282,726,NA,1.20950166342294,1201.63973596498
903,281,727,NA,1.20950166342288,1202.8492376284
903,280,728,NA,1.20950166342288,1204.05873929182
903,280,729,NA,0,1204.05873929182
902,279,730,NA,1.71049365612555,1205.76923294795
902,278,731,NA,1.20950166342288,1206.97873461137
902,277,732,NA,1.20950166342288,1208.1882362748
901,276,733,NA,1.71049365612549,1209.89872993092
900.5,275,734,NA,1.35226396915635,1211.25099390008
900,274,735,NA,1.35226396915635,1212.60325786923
899,272,736,NA,2.70452793831265,1215.30778580755
899,271,737,NA,1.20950166342294,1216.51728747097
898,269,738,NA,2.70452793831265,1219.22181540928
898,268,739,NA,1.20950166342288,1220.43131707271
897,267,740,NA,1.71049365612549,1222.14181072883
896,266,741,NA,1.71049365612549,1223.85230438496
895,264,742,NA,2.70452793831265,1226.55683232327
895,263,743,NA,1.20950166342294,1227.76633398669
894,262,744,NA,1.71049365612549,1229.47682764282
894,261,745,NA,1.20950166342283,1230.68632930624
894,260,746,NA,1.20950166342294,1231.89583096966
893,259,747,NA,1.71049365612549,1233.60632462579
893,258,748,NA,1.20950166342288,1234.81582628921
893,257,749,NA,1.20950166342294,1236.02532795263
892,256,750,NA,1.71049365612549,1237.73582160876
892,255,751,NA,1.20950166342288,1238.94532327218
892,254,752,NA,1.20950166342294,1240.15482493561
892,253,753,NA,1.20950166342283,1241.36432659903
892,252,754,NA,1.20950166342294,1242.57382826245
892,251,755,NA,1.20950166342288,1243.78332992587
892,250,756,NA,1.20950166342294,1244.9928315893
892,250,757,NA,0,1244.9928315893
892,249,758,NA,1.20950166342288,1246.20233325272
892,248,759,NA,1.20950166342288,1247.41183491614
892,247,760,NA,1.20950166342294,1248.62133657957
892,246,761,NA,1.20950166342288,1249.83083824299
892,245,762,NA,1.20950166342288,1251.04033990641
892,244,763,NA,1.20950166342294,1252.24984156983
892,243,764,NA,1.20950166342288,1253.45934323326
892,242,765,NA,1.20950166342288,1254.66884489668
892,241,766,NA,1.20950166342288,1255.8783465601
892,240,767,NA,1.20950166342294,1257.08784822353
892,239,768,NA,1.20950166342288,1258.29734988695
892,238,769,NA,1.20950166342294,1259.50685155037
892,237,770,NA,1.20950166342288,1260.7163532138
893,236,771,NA,1.71049365612549,1262.42684686992
893,235,772,NA,1.20950166342288,1263.63634853334
893,234,773,NA,1.20950166342288,1264.84585019677
894,232,774,NA,2.70452793831271,1267.55037813508
894,231,775,NA,1.20950166342288,1268.7598797985
895,230,776,NA,1.71049365612555,1270.47037345463
895,229,777,NA,1.20950166342283,1271.67987511805
895,228,778,NA,1.20950166342294,1272.88937678147
896,227,779,NA,1.71049365612549,1274.5998704376
896,226,780,NA,1.20950166342288,1275.80937210102
896,225,781,NA,1.20950166342294,1277.01887376444
897,224,782,NA,1.71049365612544,1278.72936742057
897,223,783,NA,1.20950166342288,1279.93886908399
897,222,784,NA,1.20950166342288,1281.14837074742
898,220,785,NA,2.70452793831271,1283.85289868573
898,219,786,NA,1.20950166342294,1285.06240034915
898,218,787,NA,1.20950166342288,1286.27190201257
898,217,788,NA,1.20950166342288,1287.481403676
899,214,789,NA,3.82478009017871,1291.30618376618
899,213,790,NA,1.20950166342294,1292.5156854296
899,212,791,NA,1.20950166342288,1293.72518709302
899,211,792,NA,1.20950166342288,1294.93468875644
899,210,793,NA,1.20950166342294,1296.14419041987
899,209,794,NA,1.20950166342288,1297.35369208329
901,205,795,NA,5.40905587662542,1302.76274795992
900.5,204,796,NA,1.3522639691563,1304.11501192907
898.5,203,797,NA,2.70452793831265,1306.81953986738
897,202,798,"Rauros Falls",2.18046013261517,1309
898.5,201,799,NA,1.84534538347924,1310.84534538348
899,200,800,NA,1.14443462432635,1311.98978000781
902,205,801,NA,5.9686407644044,1317.95842077221
903,205,802,NA,1.02361344631926,1318.98203421853
904,206,803,NA,1.44760801841216,1320.42964223694
905,206,804,NA,1.02361344631926,1321.45325568326
907,207,805,NA,2.28886924865269,1323.74212493191
908,207.5,806,NA,1.14443462432634,1324.88655955624
909,210,807,NA,2.75616355361407,1327.64272310985
910,212,808,NA,2.28886924865269,1329.93159235851
911,213.5,809,NA,1.84534538347924,1331.77693774199
912,215.5,810,NA,2.28886924865269,1334.06580699064
913,217,811,NA,1.84534538347925,1335.91115237412
914,218,812,NA,1.44760801841215,1337.35876039253
915,218,813,NA,1.02361344631926,1338.38237383885
916,219,814,NA,1.44760801841216,1339.82998185726
917,219,815,NA,1.02361344631926,1340.85359530358
918,220,816,NA,1.44760801841216,1342.30120332199
919,221,817,NA,1.44760801841215,1343.7488113404
920,221,818,NA,1.02361344631926,1344.77242478672
921,222,819,NA,1.44760801841216,1346.22003280514
922,222,820,NA,1.02361344631925,1347.24364625146
923,222,821,NA,1.02361344631926,1348.26725969777
924,223,822,NA,1.44760801841215,1349.71486771619
925,223,823,NA,1.02361344631926,1350.73848116251
926,224,824,NA,1.44760801841215,1352.18608918092
927,224,825,NA,1.02361344631926,1353.20970262724
928,224,826,NA,1.02361344631925,1354.23331607356
930,225,827,NA,2.28886924865269,1356.52218532221
931,225,828,NA,1.02361344631926,1357.54579876853
932,225,829,NA,1.02361344631926,1358.56941221485
934,226,830,NA,2.28886924865268,1360.8582814635
935,226,831,NA,1.02361344631927,1361.88189490982
936,226,832,NA,1.02361344631925,1362.90550835614
938,227,833,NA,2.28886924865269,1365.19437760479
939,227,834,NA,1.02361344631926,1366.21799105111
940,227,835,NA,1.02361344631925,1367.24160449743
941,227,836,NA,1.02361344631927,1368.26521794375
942,227,837,NA,1.02361344631925,1369.28883139007
943,227,838,NA,1.02361344631927,1370.31244483639
944,227,839,NA,1.02361344631926,1371.33605828271
945,227,840,NA,1.02361344631925,1372.35967172903
946,227,841,NA,1.02361344631926,1373.38328517535
952,227,842,NA,6.14168067791553,1379.52496585326
952,227,843,NA,0,1379.52496585326
953,227,844,NA,1.02361344631927,1380.54857929958
955,226,845,NA,2.28886924865269,1382.83744854823
956,226,846,NA,1.02361344631926,1383.86106199455
958,225,847,NA,2.28886924865269,1386.14993124321
959,225,848,NA,1.02361344631926,1387.17354468952
960,224,849,NA,1.44760801841215,1388.62115270794
961,224,850,NA,1.02361344631926,1389.64476615426
962,223,851,NA,1.44760801841215,1391.09237417267
963,222,852,NA,1.44760801841215,1392.53998219108
964,221,853,NA,1.44760801841217,1393.98759020949
965,221,854,NA,1.02361344631925,1395.01120365581
966,220,855,NA,1.44760801841217,1396.45881167422
967,219,856,NA,1.44760801841215,1397.90641969264
968,219,857,NA,1.02361344631926,1398.93003313896
969,218,858,NA,1.44760801841215,1400.37764115737
970,218,859,NA,1.02361344631926,1401.40125460369
971,217,860,NA,1.44760801841217,1402.8488626221
972,216,861,NA,1.44760801841214,1404.29647064051
973,216,862,NA,1.02361344631927,1405.32008408683
974,215,863,NA,1.44760801841214,1406.76769210524
975,215,864,NA,1.02361344631926,1407.79130555156
976,214,865,NA,1.44760801841215,1409.23891356997
977,214,866,NA,1.02361344631926,1410.26252701629
978,213,867,NA,1.44760801841215,1411.71013503471
980,212,868,NA,2.28886924865272,1413.99900428336
981,211,869,NA,1.44760801841214,1415.44661230177
982,211,870,NA,1.02361344631927,1416.47022574809
984,210,871,NA,2.28886924865267,1418.75909499674
985,210,872,NA,1.02361344631926,1419.78270844306
986,209,873,NA,1.44760801841215,1421.23031646147
987,209,874,NA,1.02361344631926,1422.25392990779
988,208,875,NA,1.44760801841217,1423.7015379262
989,208,876,NA,1.02361344631926,1424.72515137252
990,207,877,NA,1.44760801841215,1426.17275939094
991,207,878,NA,1.02361344631925,1427.19637283726
992,206,879,NA,1.44760801841217,1428.64398085567
993,205,880,NA,1.44760801841217,1430.09158887408
994,205,881,NA,1.02361344631926,1431.1152023204
995,204,882,NA,1.44760801841214,1432.56281033881
996,204,883,NA,1.02361344631926,1433.58642378513
997,203,884,NA,1.44760801841215,1435.03403180354
998,203,885,NA,1.02361344631927,1436.05764524986
999,202,886,NA,1.44760801841217,1437.50525326827
1000,202,887,NA,1.02361344631925,1438.52886671459
1001,201,888,NA,1.44760801841215,1439.97647473301
1002,201,889,NA,1.02361344631922,1441.00008817932
1003,200,890,NA,1.44760801841221,1442.44769619774
1004,200,891,NA,1.02361344631925,1443.47130964406
1003.5,200,892,NA,0.511806723159623,1443.98311636722
1003,199,893,NA,1.14443462432632,1445.12755099154
1002,198,894,NA,1.44760801841218,1446.57515900995
1000.5,197,895,NA,1.84534538347924,1448.42050439343
999,196,896,NA,1.84534538347924,1450.26584977691
998,195,897,NA,1.44760801841215,1451.71345779532
997,194,898,NA,1.44760801841215,1453.16106581374
996,193,899,NA,1.44760801841218,1454.60867383215
995,192,900,NA,1.44760801841215,1456.05628185056
994,191,901,NA,1.44760801841215,1457.50388986897
993,190,902,NA,1.44760801841213,1458.95149788739
993,189,903,NA,1.02361344631927,1459.97511133371
992,187,904,NA,2.2888692486527,1462.26398058236
992,186,905,NA,1.02361344631927,1463.28759402868
991,184,906,NA,2.28886924865267,1465.57646327733
991,183,907,NA,1.02361344631927,1466.60007672365
991,182,908,NA,1.02361344631925,1467.62369016997
990,181,909,NA,1.44760801841215,1469.07129818838
990,180,910,NA,1.02361344631925,1470.0949116347
990,179,911,NA,1.02361344631927,1471.11852508102
990,178,912,NA,1.02361344631925,1472.14213852734
989,176,913,NA,2.2888692486527,1474.43100777599
989,175,914,NA,1.02361344631925,1475.45462122231
989,174,915,NA,1.02361344631927,1476.47823466863
988,171,916,NA,3.23694993394332,1479.71518460257
988,170,917,NA,1.02361344631927,1480.73879804889
988,169,918,NA,1.02361344631927,1481.76241149521
988,168,919,NA,1.02361344631925,1482.78602494153
988,167,920,NA,1.02361344631925,1483.80963838785
988,166,921,NA,1.02361344631927,1484.83325183417
988,165,922,NA,1.02361344631925,1485.85686528049
988,164,923,NA,1.02361344631927,1486.88047872681
988,163,924,NA,1.02361344631925,1487.90409217313
988,162,925,NA,1.02361344631925,1488.92770561945
987,159,926,NA,3.23694993394335,1492.16465555339
987,158,927,NA,1.02361344631927,1493.18826899971
987,157,928,NA,1.02361344631925,1494.21188244603
987,156,929,NA,1.02361344631925,1495.23549589235
987,155,930,NA,1.02361344631927,1496.25910933867
987,154,931,NA,1.02361344631925,1497.28272278499
987,153,932,NA,1.02361344631927,1498.30633623131
987,152,933,NA,1.02361344631927,1499.32994967762
988,150,934,NA,2.28886924865267,1501.61881892628
988,149,935,NA,1.02361344631925,1502.6424323726
988,148,936,NA,1.02361344631927,1503.66604581892
988,147,937,NA,1.02361344631927,1504.68965926523
988,146,938,NA,1.02361344631922,1505.71327271155
988,145,939,NA,1.02361344631927,1506.73688615787
988,144,940,NA,1.02361344631927,1507.76049960419
988,143,941,NA,1.02361344631925,1508.78411305051
988,142,942,NA,1.02361344631927,1509.80772649683
988,139,943,NA,3.07084033895777,1512.87856683579
988,138,944,NA,1.02361344631925,1513.90218028211
989,137,945,NA,1.44760801841215,1515.34978830052
989,136,946,NA,1.02361344631927,1516.37340174684
990,134,947,NA,2.28886924865267,1518.66227099549
990,133,948,NA,1.02361344631925,1519.68588444181
991,132,949,NA,1.44760801841218,1521.13349246022
991,131,950,NA,1.02361344631925,1522.15710590654
991,130,951,NA,1.02361344631927,1523.18071935286
992,129,952,NA,1.44760801841218,1524.62832737127
992,128,953,NA,1.02361344631925,1525.65194081759
993,126,954,NA,2.28886924865267,1527.94081006625
993,125,955,NA,1.02361344631925,1528.96442351257
993,124,956,NA,1.02361344631927,1529.98803695888
994,123,957,NA,1.44760801841215,1531.4356449773
994,122,958,NA,1.02361344631927,1532.45925842362
994,121,959,NA,1.02361344631925,1533.48287186994
995,120,960,NA,1.44760801841215,1534.93047988835
995,119,961,NA,1.02361344631925,1535.95409333467
995,118,962,NA,1.02361344631925,1536.97770678099
995,117,963,NA,1.02361344631927,1538.00132022731
996,116,964,NA,1.44760801841215,1539.44892824572
996,115,965,NA,1.02361344631927,1540.47254169204
996,114,966,NA,1.02361344631925,1541.49615513836
996,113,967,NA,1.02361344631927,1542.51976858468
997,112,968,NA,1.44760801841215,1543.96737660309
997,111,969,NA,1.02361344631927,1544.99099004941
997,110,970,NA,1.02361344631925,1546.01460349573
997,109,971,NA,1.02361344631927,1547.03821694205
998,108,972,NA,1.44760801841213,1548.48582496046
998,107,973,NA,1.02361344631927,1549.50943840678
998,106,974,NA,1.02361344631922,1550.5330518531
999,104,975,NA,2.28886924865273,1552.82192110175
999,103,976,NA,1.02361344631927,1553.84553454807
999,102,977,NA,1.02361344631925,1554.86914799439
999,101,978,NA,1.02361344631927,1555.89276144071
999,100,979,NA,1.02361344631922,1556.91637488703
1000,99,980,NA,1.44760801841218,1558.36398290544
1001,98,981,NA,1.44760801841213,1559.81159092385
1002.5,97,982,NA,1.84534538347927,1561.65693630733
1004,96,983,NA,1.84534538347924,1563.50228169081
1005.5,95,984,NA,1.84534538347924,1565.34762707429
1008.5,94,985,NA,3.23694993394332,1568.58457700823
1010,94,986,NA,1.53542016947893,1570.11999717771
1011,94,987,NA,1.02361344631919,1571.14361062403
1012,94,988,NA,1.02361344631925,1572.16722407035
1014,95,989,NA,2.28886924865276,1574.456093319
1015,95,990,NA,1.02361344631925,1575.47970676532
1016,95,991,NA,1.0236134463193,1576.50332021164
1017,96,992,NA,1.44760801841215,1577.95092823005
1018,96,993,NA,1.02361344631925,1578.97454167637
1019,97,994,NA,1.4476080184121,1580.42214969478
1020,97,995,NA,1.0236134463193,1581.4457631411
1021,98,996,NA,1.4476080184121,1582.89337115951
1022,99,997,NA,1.44760801841221,1584.34097917793
1023,99,998,NA,1.02361344631925,1585.36459262425
1024,99,999,NA,1.0236134463193,1586.38820607057
1025,99,1000,NA,1.02361344631925,1587.41181951688
1026,99,1001,NA,1.02361344631925,1588.4354329632
1027,99,1002,NA,1.02361344631925,1589.45904640952
1028,99,1003,NA,1.0236134463193,1590.48265985584
1029,99,1004,NA,1.02361344631919,1591.50627330216
1030,99,1005,NA,1.02361344631925,1592.52988674848
1031,99,1006,NA,1.0236134463193,1593.5535001948
1032,99,1007,NA,1.02361344631925,1594.57711364112
1033,99,1008,NA,1.02361344631925,1595.60072708744
1034,99,1009,NA,1.0236134463193,1596.62434053376
1035,98,1010,NA,1.44760801841215,1598.07194855217
1036,98,1011,NA,1.02361344631925,1599.09556199849
1037,97,1012,NA,1.44760801841215,1600.5431700169
1039,96,1013,NA,2.2888692486527,1602.83203926555
1041,95,1014,NA,2.2888692486527,1605.12090851421
1042,95,1015,NA,1.02361344631925,1606.14452196053
1043,95,1016,NA,1.02361344631925,1607.16813540685
1044,95,1017,NA,1.02361344631925,1608.19174885316
1045,95,1018,NA,1.02361344631925,1609.21536229948
1045,95,1019,NA,0,1609.21536229948
1046,95,1020,NA,1.02361344631925,1610.2389757458
1047,95,1021,NA,1.02361344631925,1611.26258919212
1048,96.6666666666667,1022,NA,1.98954692146822,1613.25213611359
1049,95,1023,NA,1.98954692146805,1615.24168303506
1047,95,1024,NA,2.04722689263855,1617.2889099277
1048,97,1025,NA,2.2888692486527,1619.57777917635
1048,98,1026,NA,1.0236134463193,1620.60139262267
1048,99,1027,NA,1.02361344631925,1621.62500606899
1048,100,1028,NA,1.02361344631925,1622.64861951531
1047,101,1029,NA,1.44760801841215,1624.09622753372
1047,102,1030,NA,1.02361344631925,1625.11984098004
1047,103,1031,NA,1.0236134463193,1626.14345442636
1047,104,1032,NA,1.02361344631925,1627.16706787268
1047,105,1033,NA,1.02361344631925,1628.190681319
1047,105,1034,NA,0,1628.190681319
1046,108,1035,NA,3.23694993394332,1631.42763125294
1046,109,1036,NA,1.02361344631925,1632.45124469926
1046,110,1037,NA,1.0236134463193,1633.47485814558
1046,111,1038,NA,1.02361344631925,1634.4984715919
1046,112,1039,NA,1.02361344631925,1635.52208503822
1045,117,1040,NA,5.21942493715784,1640.74150997538
1045,118,1041,NA,1.0236134463193,1641.76512342169
1045,119,1042,NA,1.02361344631925,1642.78873686801
1045,120,1043,NA,1.02361344631925,1643.81235031433
1045,121,1044,NA,1.0236134463193,1644.83596376065
1045,122,1045,NA,1.02361344631919,1645.85957720697
1045,123,1046,NA,1.02361344631925,1646.88319065329
1045,124,1047,NA,1.0236134463193,1647.90680409961
1045,125,1048,NA,1.02361344631925,1648.93041754593
1045,126,1049,NA,1.02361344631925,1649.95403099225
1045,127,1050,NA,1.0236134463193,1650.97764443857
1045,128,1051,NA,1.02361344631925,1652.00125788489
1045,129,1052,NA,1.02361344631925,1653.02487133121
1045,130,1053,NA,1.02361344631925,1654.04848477753
1045,131,1054,NA,1.0236134463193,1655.07209822384
1045,132,1055,NA,1.02361344631919,1656.09571167016
1045,133,1056,NA,1.02361344631925,1657.11932511648
1045,134,1057,NA,1.0236134463193,1658.1429385628
1045,135,1058,NA,1.02361344631925,1659.16655200912
1045,136,1059,NA,1.02361344631925,1660.19016545544
1044,138,1060,NA,2.2888692486527,1662.47903470409
1044,139,1061,NA,1.02361344631925,1663.50264815041
1044,140,1062,NA,1.0236134463193,1664.52626159673
1043,142,1063,NA,2.2888692486527,1666.81513084538
1042.5,143,1064,NA,1.14443462432632,1667.95956546971
1040.5,144,1065,NA,2.2888692486527,1670.24843471836
1039.5,145,1066,NA,1.4476080184121,1671.69604273678
1037.5,146,1067,NA,2.2888692486527,1673.98491198543
1034,147,1068,NA,3.72600918667473,1677.7109211721
1032,148,1069,NA,2.28886924865265,1679.99979042076
1033,149,1070,NA,1.44760801841221,1681.44739843917
1035.5,150,1071,NA,2.75616355361404,1684.20356199278
1036,150,1072,NA,0.511806723159623,1684.71536871594
1038,151,1073,NA,2.2888692486527,1687.00423796459
1039,151,1074,NA,1.02361344631925,1688.02785141091
1040,152,1075,NA,1.44760801841215,1689.47545942933
1041,152,1076,NA,1.02361344631925,1690.49907287565
1042,153,1077,NA,1.44760801841215,1691.94668089406
1043,153,1078,NA,1.02361344631925,1692.97029434038
1044,154,1079,NA,1.44760801841215,1694.41790235879
1045,154.5,1080,NA,1.14443462432638,1695.56233698312
1046,156,1081,NA,1.84534538347924,1697.40768236659
1047,157.5,1082,NA,1.84534538347924,1699.25302775007
1048,159,1083,NA,1.84534538347924,1701.09837313355
1049,160.5,1084,NA,1.84534538347924,1702.94371851703
1050,162,1085,NA,1.8453453834793,1704.78906390051
1051,163.5,1086,NA,1.84534538347918,1706.63440928399
1052,164,1087,NA,1.14443462432638,1707.77884390832
1053,165,1088,NA,1.4476080184121,1709.22645192673
1054,165,1089,NA,1.0236134463193,1710.25006537305
1056,166,1090,NA,2.28886924865265,1712.5389346217
1057,166,1091,NA,1.0236134463193,1713.56254806802
1058,166,1092,NA,1.02361344631925,1714.58616151434
1059,167,1093,NA,1.44760801841215,1716.03376953275
1060,167,1094,NA,1.02361344631925,1717.05738297907
1061,167,1095,NA,1.02361344631925,1718.08099642539
1062,167,1096,NA,1.02361344631925,1719.10460987171
1063,167,1097,NA,1.0236134463193,1720.12822331803
1064,167,1098,NA,1.02361344631925,1721.15183676435
1065,167,1099,NA,1.02361344631925,1722.17545021067
1066,167,1100,NA,1.0236134463193,1723.19906365699
1067,167,1101,NA,1.02361344631925,1724.22267710331
1070,166,1102,NA,3.23694993394338,1727.45962703725
1071,166,1103,NA,1.02361344631925,1728.48324048357
1072,166,1104,NA,1.02361344631925,1729.50685392989
1073,166,1105,NA,1.02361344631925,1730.53046737621
1074,166,1106,NA,1.0236134463193,1731.55408082253
1075,166,1107,NA,1.02361344631919,1732.57769426885
1076,166,1108,NA,1.02361344631925,1733.60130771516
1077,166,1109,NA,1.0236134463193,1734.62492116148
1078,166,1110,NA,1.02361344631925,1735.6485346078
1079,166,1111,NA,1.02361344631925,1736.67214805412
1080,166,1112,NA,1.0236134463193,1737.69576150044
1081,166,1113,NA,1.02361344631925,1738.71937494676
1082,166,1114,NA,1.02361344631925,1739.74298839308
1083,166,1115,NA,1.0236134463193,1740.7666018394
1084.5,166,1116,NA,1.53542016947881,1742.30202200888
1086,165,1117,NA,1.8453453834793,1744.14736739236
1086,164,1118,NA,1.02361344631925,1745.17098083868
1086,163,1119,NA,1.02361344631925,1746.194594285
1086,162,1120,NA,1.0236134463193,1747.21820773132
1085,161,1121,NA,1.4476080184121,1748.66581574973
1085,160,1122,NA,1.0236134463193,1749.68942919605
1085,159,1123,NA,1.02361344631925,1750.71304264237
1085,158,1124,NA,1.02361344631925,1751.73665608869
1085,157,1125,NA,1.0236134463193,1752.760269535
1085,156,1126,NA,1.02361344631925,1753.78388298132
1085,155,1127,NA,1.02361344631925,1754.80749642764
1085,154,1128,NA,1.02361344631925,1755.83110987396
1085,153,1129,NA,1.02361344631925,1756.85472332028
1085,152,1130,NA,1.02361344631925,1757.8783367666
1085,151,1131,NA,1.02361344631925,1758.90195021292
1085,150,1132,NA,1.0236134463193,1759.92556365924
1085,149,1133,NA,1.02361344631925,1760.94917710556
1086,146,1134,NA,3.23694993394332,1764.1861270395
1086,145,1135,NA,1.02361344631925,1765.20974048582
1086,144,1136,NA,1.02361344631925,1766.23335393214
1086,143,1137,NA,1.0236134463193,1767.25696737846
1086,142,1138,NA,1.02361344631925,1768.28058082478
1087,140,1139,NA,2.2888692486527,1770.56945007343
1087,139,1140,NA,1.0236134463193,1771.59306351975
1087,138,1141,NA,1.02361344631925,1772.61667696607
1088,136,1142,NA,2.28886924865265,1774.90554621472
1088,135,1143,NA,1.02361344631925,1775.92915966104
1088,134,1144,NA,1.02361344631925,1776.95277310736
1088,133,1145,NA,1.0236134463193,1777.97638655368
1088,132,1146,"Mt. Doom",1.02361344631925,1779
